-- ShineUp History - Seed Data
-- Initial data population for development and testing
-- Created: 2024-12-01

-- ============================================================================
-- 1. INSERT LEVEL CONFIGURATION
-- ============================================================================
INSERT INTO level_config (id, levelCode, levelName, levelNumber, minPoints, maxPoints, multiplier, color, bgColor, gradientFrom, gradientTo, gradientFromHex, gradientToHex) VALUES
(1, 'EXPLORER', '探索者', 1, 0, 249, 1.00, '#10b981', '#d1fae5', 'from-emerald-300', 'to-emerald-600', '#6ee7b7', '#059669'),
(2, 'CREATOR', '創造者', 2, 250, 749, 1.15, '#3b82f6', '#dbeafe', 'from-cyan-400', 'to-blue-500', '#67e8f9', '#1d4ed8'),
(3, 'VISIONARY', '先行者', 3, 750, 1499, 1.35, '#f59e0b', '#fef3c7', 'from-amber-300', 'to-amber-600', '#fcd34d', '#d97706'),
(4, 'LUMINARY', '閃耀者', 4, 1500, 999999, 1.70, '#a78bfa', '#ede9fe', 'from-purple-300', 'to-purple-600', '#c4b5fd', '#7c3aed');

-- ============================================================================
-- 2. INSERT USERS
-- ============================================================================
INSERT INTO users (id, name, email, avatar, createdAt, kycVerified, bankAccountLinked) VALUES
(1, 'Matcha', 'matcha@example.com', 'https://api.dicebear.com/9.x/thumbs/svg?seed=Sarah&backgroundColor=f1f4dc', '2024-01-15 00:00:00', FALSE, FALSE);

-- ============================================================================
-- 3. INSERT USER LEVELS
-- ============================================================================
INSERT INTO user_levels (userId, currentLevel, levelPoints, rewardPoints, lastUpdated) VALUES
(1, 'CREATOR', 700, 600, '2024-12-01 00:00:00');

-- ============================================================================
-- 4. INSERT TASKS (30 tasks across 5 categories)
-- ============================================================================
-- 📱 Daily Interaction Tasks (6 tasks)
INSERT INTO tasks (id, title, description, details, category, levelRequired, levelPoints, rewardPoints, frequency, icon, image, active) VALUES
(1, '每日登入', '每日登入一次即可完成', '每天登入一次完成此任務。後端將記錄您的登入時間至用戶活動日誌表，用於計算日活躍度。系統自動檢測新登入記錄並更新用戶的最後登入時間欄位。完成後立即獲得基礎積分獎勵，後端同步更新用戶的積分餘額。', 'daily', '全等級', 5, 10, '每日', '🌅', '/images/tasks/task-1.jpg', TRUE),
(2, '完善身份驗證資料', '完整填寫身份基本資訊', '在個人檔案頁面填寫身份證字號、出生年月、居住地址等欄位。後端驗證身份證字號格式，將資料加密存儲至用戶資料表。完成後系統自動更新用戶的「KYC認證」狀態欄位，解鎖更多功能。此資料將被存儲於PostgreSQL安全資料庫中。', 'daily', '全等級', 40, 60, '一次性', '👤', '/images/tasks/task-2.jpg', TRUE),
(3, '綁定銀行帳戶', '關聯銀行帳戶資訊', '填寫銀行名稱、帳戶號碼等資訊並提交。後端驗證帳戶號碼格式（16-17碼），將銀行資訊加密存儲至用戶銀行帳戶表。綁定成功後自動更新用戶的綁定狀態欄位，解鎖「提現」和「自動扣款」功能。', 'daily', '全等級', 50, 75, '一次性', '🏦', '/images/tasks/task-3.jpg', TRUE),
(4, '設定理財目標', '建立個人理財目標', '在理財面板輸入目標名稱（如購房、教育基金）、目標金額、完成期限。後端將目標資料存儲至用戶目標表，並計算每月需儲蓄額度。系統自動生成目標進度追蹤記錄。目標可重複設定，每筆目標記錄都有唯一ID便於查詢和更新。', 'daily', '全等級', 30, 45, '可重複', '🎯', '/images/tasks/task-4.jpg', TRUE),
(5, '邀請好友開戶', '透過邀請碼邀請朋友註冊', '複製您的邀請碼分享給朋友。當朋友完成註冊和身份驗證後，後端自動在用戶推薦關係表中記錄此邀請關係。系統自動為您和被邀請者各增加50積分獎勵，記錄至積分歷史表。最多可邀請無限位好友。', 'daily', '全等級', 60, 90, '無限', '👥', '/images/tasks/task-5.jpg', TRUE),
(6, '完成個人檔案設置', '設定個人檔案完整性', '填寫頭像、暱稱、個性標籤、風險偏好等檔案資訊。後端驗證並存儲至用戶檔案表。系統計算檔案完整度百分比，完整度達80%以上時自動發放「檔案完善」成就徽章。所有檔案資訊都可透過個人頁面API查詢和更新。', 'daily', '全等級', 25, 38, '一次性', '📲', '/images/tasks/task-6.jpg', TRUE),

-- 💰 Financial Learning Tasks (6 tasks)
(7, '完成金融知識測驗', '通過基礎理財知識測試', '完成10題金融知識測驗題目。後端計算測驗得分，若達70分以上則記錄「已通過測驗」狀態至用戶資料表。系統在用戶檔案中保存最高成績和測驗參加次數（每月限3次）。通過者的財務素養等級會被更新至檔案中，用於後續個性化推薦。', 'financial', '全等級', 35, 52, '每月最多3次', '📝', '/images/tasks/task-7.jpg', TRUE),
(8, '觀看線上課程視頻', '完成理財教育課程學習', '在課程平台觀看理財教育視頻（「基金投資入門」、「資產配置原理」等），每個課程15分鐘。後端追蹤您的觀看進度，完成率達90%以上時自動標記課程為「已完成」並存儲至用戶學習紀錄表。系統自動計算您的學習時數統計。', 'financial', '全等級', 45, 68, '每週最多2個', '🎓', '/images/tasks/task-8.jpg', TRUE),
(9, '建立借貸需求檔案', '填寫貸款需求基本資訊', '在借貸評估頁面填寫年收入、負債情況、借貸目的等資訊。後端驗證並將資訊存儲至用戶借貸檔案表。系統根據您提供的資料計算簡單的借貸風險評分（0-100分），並將評分存儲供後續查詢。此資料用於個性化的借貸產品推薦。', 'financial', 'Lv2+', 80, 120, '一次性', '💳', '/images/tasks/task-9.jpg', TRUE),
(10, '建立投資組合記錄', '記錄您的首個虛擬投資組合', '在投資組合面板建立一個虛擬投資組合（選擇3-5檔基金，虛擬分配資金比例）。後端存儲該組合至投資組合表，並為其生成唯一的組合ID。系統定期計算該組合的虛擬淨值變化，用於教學演示目的。組合資料可被查詢、編輯和刪除。', 'financial', 'Lv2+', 150, 225, '一次性', '📈', '/images/tasks/task-10.jpg', TRUE),
(11, '設定投資提醒規則', '配置投資市場提醒', '設定投資提醒規則，如「當指定股票價格下跌5%時提醒我」。後端將提醒規則存儲至用戶提醒配置表。系統每日檢查市場數據（使用模擬數據），若觸發規則條件則在用戶帳戶中生成通知記錄。提醒可被啟用、禁用或刪除。', 'financial', 'Lv2+', 120, 180, '一次性', '⚙️', '/images/tasks/task-11.jpg', TRUE),
(12, '參與線上學習論壇', '在討論區發表理財心得', '在學習論壇發表理財相關心得文章或評論（至少150字）。後端驗證內容後將其存儲至論壇貼文表，並與用戶帳戶關聯。系統記錄發文者和評論互動數據。活躍參與者的發言將顯示在社群推薦版面。', 'financial', '全等級', 70, 105, '每月最多2場', '🎤', '/images/tasks/task-12.jpg', TRUE),

-- 📊 Investment Practice Tasks (6 tasks)
(13, '完成風險承受能力評估', '填寫投資風險問卷', '完成15題風險評估問卷。後端根據您的答案計算風險等級（低/中/高），並將結果存儲至用戶風險檔案表。系統根據風險等級在資料庫中記錄對應的推薦產品類型。評估結果可隨時被查詢和更新。', 'investment', '全等級', 60, 90, '一次性', '⚖️', '/images/tasks/task-13.jpg', TRUE),
(14, '建立定期定額投資計畫', '設定月定投計畫參數', '在投資計畫頁面設定月定投參數（每月金額、投資週期、目標資產等）。後端將計畫資料存儲至用戶投資計畫表，產生計畫ID。系統根據計畫生成預期投資時程表並存儲至排程表。計畫可被隨時修改或停止，所有修改記錄保留於審計日誌。', 'investment', 'Lv2+', 100, 150, '一次性', '💰', '/images/tasks/task-14.jpg', TRUE),
(15, '建立投資帳戶記錄', '在系統中註冊投資帳戶', '填寫並提交投資帳戶資訊（帳戶類型、帳戶號碼、金融機構）。後端驗證帳戶號碼格式，將帳戶資訊加密存儲至用戶帳戶表。系統為帳戶產生唯一編號和建立日期戳記。帳戶狀態被設定為「已驗證」，解鎖交易記錄功能。', 'investment', 'Lv2+', 120, 180, '一次性', '📊', '/images/tasks/task-15.jpg', TRUE),
(16, '記錄虛擬投資交易', '記錄一筆虛擬投資交易', '在交易記錄頁面輸入虛擬交易資訊（買入股票代號、數量、虛擬價格、交易日期）。後端驗證輸入資料並存儲至用戶交易紀錄表。系統根據買入和當前虛擬市價計算虛擬損益，並將損益資料存儲至投資績效表供統計查詢。', 'investment', 'Lv2+', 200, 300, '一次性', '📈', '/images/tasks/task-16.jpg', TRUE),
(17, '設定投資限制和額度', '配置個人投資風險限制', '設定您的投資限制參數，如「單次最大投資額NT$100,000」、「單一股票最高持股比例30%」。後端將限制規則存儲至用戶風控規則表。系統在用戶進行交易時檢查這些規則，若違反規則則拒絕交易並提示原因。所有規則修改記錄保留在稽核日誌中。', 'investment', 'Lv3+', 180, 270, '一次性', '💳', '/images/tasks/task-17.jpg', TRUE),
(18, '建立個人投資日誌', '記錄投資心得和分析', '在投資日誌區域撰寫投資心得、市場分析或交易總結（至少200字）。後端驗證內容後存儲至用戶投資日誌表，並與相關交易記錄關聯。系統記錄日誌建立日期、最後編輯時間，並支援日誌的搜尋和標籤分類功能。', 'investment', 'Lv3+', 200, 300, '無限', '🤝', '/images/tasks/task-18.jpg', TRUE),

-- 🌱 ESG Sustainability Tasks (6 tasks)
(19, '完成ESG價值觀評估', '填寫永續投資偏好問卷', '完成ESG相關問卷（涵蓋環保態度、社會責任偏好、公司治理認知）。後端根據答案計算ESG偏好評分並存儲至用戶ESG檔案表。系統根據評分在資料庫中關聯推薦的永續投資產品類型供使用者後續查詢。', 'esg', '全等級', 45, 68, '一次性', '🌱', '/images/tasks/task-19.jpg', TRUE),
(20, '記錄永續投資組合', '建立永續主題投資組合記錄', '在投資組合頁面建立一個永續主題虛擬投資組合（選擇環保、社會責任或治理相關基金）。後端存儲該永續組合至投資組合表，標籤標記為「ESG」。系統定期計算該組合的虛擬績效並存儲至績效歷史表，便於追蹤永續投資成果。', 'esg', 'Lv2+', 140, 210, '一次性', '🌿', '/images/tasks/task-20.jpg', TRUE),
(21, '設定永續投資目標', '建立個人永續投資目標', '設定個人永續投資目標（如「未來2年投資淨值100萬至永續基金」）。後端將目標存儲至用戶永續目標表，產生進度追蹤ID。系統定期比對您的永續投資額度與目標，計算進度百分比並存儲至目標進度表供查詢。', 'esg', 'Lv2+', 120, 180, '一次性', '🌍', '/images/tasks/task-21.jpg', TRUE),
(22, '建立慈善捐款記錄', '記錄個人慈善捐款計畫', '在慈善管理頁面建立捐款記錄（選擇慈善機構、捐款金額、捐款目的）。後端將捐款記錄存儲至用戶捐款表，產生捐款收據編號。系統累計用戶的年度捐款總額並存儲統計數據，供用戶查詢捐款歷史和稅務申報之用。', 'esg', 'Lv2+', 130, 195, '一次性', '❤️', '/images/tasks/task-22.jpg', TRUE),
(23, '撰寫永續投資文章', '發表ESG投資心得文章', '在永續投資論壇撰寫文章分享您的ESG投資心得（至少300字）。後端驗證內容後將其存儲至論壇貼文表，並標籤標記為「ESG」。系統記錄文章點擊數、按讚數、評論數等互動指標，定期統計最受歡迎的文章作者。', 'esg', 'Lv2+', 80, 120, '每月最多2次', '📢', '/images/tasks/task-23.jpg', TRUE),
(24, '參與永續投資討論', '在論壇參與ESG投資討論', '在永續投資討論區提出見解、評論或提問（至少150字），參與關於ESG投資的社群討論。後端驗證內容後存儲至論壇評論表。系統記錄您的參與次數和互動評分，積極參與者將被邀請為社群版主或參與特別活動。', 'esg', 'Lv3+', 150, 225, '每季1次', '🎓', '/images/tasks/task-24.jpg', TRUE),

-- 🎁 Social Achievement Tasks (6 tasks)
(25, '邀請3位朋友完成認證', '成功推薦朋友註冊帳戶', '透過邀請碼邀請3位朋友完成帳戶註冊和身份驗證。後端在用戶推薦關係表中記錄這3位被邀請者的資訊。系統自動為您記錄「推薦人數：3」成就。當被邀請者完成首筆交易後，系統自動為您和被邀請者各增加50積分獎勵。', 'social', '全等級', 100, 150, '一次性', '👥', '/images/tasks/task-25.jpg', TRUE),
(26, '達成 Creator 等級升級', '累積升級點數至250點', '通過完成日常、理財和投資任務，累積升級點數達250點。後端自動檢測用戶升級點數並比對升級條件。達成250點時，系統自動在用戶檔案表中將等級更新為「Creator」，並發送升級通知。Creator等級用戶將在檔案中被標記為「創造者」身份。', 'social', '全等級', 100, 150, '每等級一次', '⭐', '/images/tasks/task-26.jpg', TRUE),
(27, '達成 Visionary 等級升級', '累積升級點數至750點', '通過持續完成各類任務，特別是理財和投資任務，累積升級點數達750點。後端自動檢測升級點數並確認所有升級條件。達成750點時，系統自動更新用戶等級為「Visionary」，並在檔案中記錄升級時間戳記。Visionary等級用戶可解鎖進階投資功能。', 'social', '全等級', 200, 300, '每等級一次', '🌟', '/images/tasks/task-27.jpg', TRUE),
(28, '達成 Luminary 等級升級', '累積升級點數至1500點', '通過長期投資參與和高頻交易，累積升級點數達1500點。後端自動驗證升級點數並檢查所有先決條件。達成1500點時，系統自動將用戶等級升級至「Luminary」（最高等級），並在檔案中記錄升級成就。Luminary等級用戶將獲得特殊的VIP功能標籤。', 'social', '全等級', 300, 450, '每等級一次', '👑', '/images/tasks/task-28.jpg', TRUE),
(29, '累積月度交易額到100萬', '單月虛擬投資成交額突破', '在系統中記錄的虛擬投資交易單月總額達NT$1,000,000以上。後端自動累計用戶的月度交易額，當達到100萬時自動在成就紀錄表中記錄「月度百萬交易達成」。系統將此成就儲存於用戶檔案中並可被查詢統計。', 'social', 'Lv3+', 250, 375, '每月', '💎', '/images/tasks/task-29.jpg', TRUE),
(30, '累積社群貢獻成為大使', '累積社群互動和推薦成就', '透過完成推薦任務、發表論壇文章、參與討論等社群活動，累積貢獻值達100分。後端綜合統計您的推薦人數、論壇發文數、互動評分等數據。達成100分時，系統自動在用戶成就表中記錄「社群大使」成就，並在檔案中標記此身份供應用展示。', 'social', 'Lv3+', 350, 525, '一次性', '🏅', '/images/tasks/task-30.jpg', TRUE);

-- ============================================================================
-- 5. INSERT USER TASK PROGRESS (Sample: User has completed some tasks)
-- ============================================================================
INSERT INTO user_task_progress (userId, taskId, completed, completedAt, completionCount, lastCompletedAt, createdAt) VALUES
(1, 1, TRUE, '2024-12-01 08:00:00', 1, '2024-12-01 08:00:00', '2024-12-01 08:00:00'),
(1, 2, TRUE, '2024-11-20 10:30:00', 1, '2024-11-20 10:30:00', '2024-11-20 10:30:00'),
(1, 3, TRUE, '2024-11-18 14:15:00', 1, '2024-11-18 14:15:00', '2024-11-18 14:15:00'),
(1, 4, TRUE, '2024-11-25 09:45:00', 2, '2024-11-25 09:45:00', '2024-11-22 09:45:00'),
(1, 6, TRUE, '2024-11-16 11:20:00', 1, '2024-11-16 11:20:00', '2024-11-16 11:20:00'),
(1, 7, TRUE, '2024-11-28 15:00:00', 1, '2024-11-28 15:00:00', '2024-11-28 15:00:00'),
(1, 8, TRUE, '2024-11-26 16:30:00', 1, '2024-11-26 16:30:00', '2024-11-26 16:30:00'),
(1, 12, TRUE, '2024-11-30 13:20:00', 1, '2024-11-30 13:20:00', '2024-11-30 13:20:00'),
(1, 13, TRUE, '2024-11-24 10:00:00', 1, '2024-11-24 10:00:00', '2024-11-24 10:00:00'),
(1, 19, TRUE, '2024-11-27 12:30:00', 1, '2024-11-27 12:30:00', '2024-11-27 12:30:00'),
(1, 5, FALSE, NULL, 0, NULL, '2024-12-01 00:00:00'),
(1, 9, FALSE, NULL, 0, NULL, '2024-12-01 00:00:00'),
(1, 10, FALSE, NULL, 0, NULL, '2024-12-01 00:00:00'),
(1, 11, FALSE, NULL, 0, NULL, '2024-12-01 00:00:00'),
(1, 14, FALSE, NULL, 0, NULL, '2024-12-01 00:00:00'),
(1, 15, FALSE, NULL, 0, NULL, '2024-12-01 00:00:00'),
(1, 16, FALSE, NULL, 0, NULL, '2024-12-01 00:00:00'),
(1, 17, FALSE, NULL, 0, NULL, '2024-12-01 00:00:00'),
(1, 18, FALSE, NULL, 0, NULL, '2024-12-01 00:00:00'),
(1, 20, FALSE, NULL, 0, NULL, '2024-12-01 00:00:00'),
(1, 21, FALSE, NULL, 0, NULL, '2024-12-01 00:00:00'),
(1, 22, FALSE, NULL, 0, NULL, '2024-12-01 00:00:00'),
(1, 23, FALSE, NULL, 0, NULL, '2024-12-01 00:00:00'),
(1, 24, FALSE, NULL, 0, NULL, '2024-12-01 00:00:00'),
(1, 25, FALSE, NULL, 0, NULL, '2024-12-01 00:00:00'),
(1, 26, FALSE, NULL, 0, NULL, '2024-12-01 00:00:00'),
(1, 27, FALSE, NULL, 0, NULL, '2024-12-01 00:00:00'),
(1, 28, FALSE, NULL, 0, NULL, '2024-12-01 00:00:00'),
(1, 29, FALSE, NULL, 0, NULL, '2024-12-01 00:00:00'),
(1, 30, FALSE, NULL, 0, NULL, '2024-12-01 00:00:00');

-- ============================================================================
-- 6. INSERT REWARDS (32 gifts across 4 product series)
-- ============================================================================
-- 🌱 Sustainable Explorer Series (Lv1) - 8 rewards
INSERT INTO rewards (id, title, description, details, points, category, series, level, image, stock, marketPrice, active) VALUES
(1, 'LIFE PEN 種子鉛筆組', '市價NT$280', '環保樹脂製成的種子鉛筆，寫完後可種植於土壤中，發芽成長為真實植物。每組包含5支不同類型的種子鉛筆：番茄、薄荷、向日葵、羅勒和迷迭香。完全可生物分解，是永續生活的最佳選擇。', 100, 'sustainable', 'sustainable', 'EXPLORER', '/images/gifts/gift-1.jpg', 99, 'NT$280', TRUE),
(2, 'UiU 環保便攜吸管組', '市價NT$300', '食品級不鏽鋼材質製成，配備便攜布套與專用清潔刷。組合包含直吸管、彎吸管和扁吸管各1支，適應各種飲品容器。耐用性強，可重複使用超過3年，完全避免一次性塑膠吸管污染。是日常外出必備的環保好物。', 100, 'sustainable', 'sustainable', 'EXPLORER', '/images/gifts/gift-2.jpg', 73, 'NT$300', TRUE),
(3, '印花樂 實用環保包袋', '市價NT$390', '台灣設計品牌印花樂打造的環保布料包袋，100%有機棉布料製作。印花圖案由設計師手繪，每件都是獨一無二。耐用的雙層結構適合日常購物、外出攜帶，可容納A4大小物品。支持本土設計，體現永續消費的理念。', 120, 'sustainable', 'sustainable', 'EXPLORER', '/images/gifts/gift-3.jpg', 65, 'NT$390', TRUE),
(4, 'HappyEarth 回收紙筆記本', '市價NT$400', '100%回收紙漿製造的環保筆記本，封面以植物性染料著色。頁數為200頁，線圈裝訂方便翻閱與拆頁。紙質柔和舒適，適合日常手寫筆記、日記或創意記錄。每本購買都支持全球廢紙回收計畫，實踐循環經濟。', 130, 'sustainable', 'sustainable', 'EXPLORER', '/images/gifts/gift-4.jpg', 35, 'NT$400', TRUE),
(5, '沐muhair 無塑固態洗髮精', '市價NT$400', '無塑包裝固態洗髮精蘊含天然植物萃取成分，溫和不刺激頭皮。每塊重量約80克，相當於400ml液態洗髮精使用量。固態設計方便攜帶，適合旅行或健身使用。泡沫豐富細緻，清潔力佳且易沖洗，零塑膠包裝，實踐無塑生活理念。', 130, 'sustainable', 'sustainable', 'EXPLORER', '/images/gifts/gift-5.jpg', 85, 'NT$400', TRUE),
(6, '簡約托特包', '市價NT$450', '採用厚磅環保帆布製作，耐磨耐用、容量充足，足以容納日常通勤或購物所需。加厚提把設計減輕長時間揹負的負擔，內層簡易口袋便於整理小物。簡約百搭的風格，從通勤到休閒外出都能輕鬆駕馭。', 150, 'sustainable', 'sustainable', 'EXPLORER', '/images/gifts/gift-6.jpg', 99, 'NT$450', TRUE),
(7, 'Re-ing 天然竹纖維便當盒', '市價NT$450', '環保便當盒結合天然竹纖維與玉米澱粉複合材料，可完全生物降解。雙層設計附有密封蓋與分隔餐盤，容量約800ml。耐熱溫度達120度，可微波加熱使用。輕量化設計方便攜帶，是上班族與學生族群的環保餐具首選。', 150, 'sustainable', 'sustainable', 'EXPLORER', '/images/gifts/gift-7.jpg', 58, 'NT$450', TRUE),
(8, 'SUCCULAND 多肉植物', '市價NT$590', '來自SUCCULAND精選的多肉植物盆栽，包含陶瓷盆器與培養土。每株經過專業園藝師悉心照料，健康茁壯。多肉植物易於照顧，適合辦公桌或居家擺設，能淨化空氣並增添綠意。附贈養護說明卡，即使是園藝新手也能輕鬆上手。', 200, 'sustainable', 'sustainable', 'EXPLORER', '/images/gifts/gift-8.jpg', 23, 'NT$590', TRUE),

-- 🪴 Quality Creator Series (Lv2) - 8 rewards
(9, 'ekax 雲朵筆電包', '市價NT$650', '雲朵造型筆電包採用防潑水尼龍布料外層，內裡為柔軟絨布保護層。適用13-14吋筆電，輕量化設計僅重300克。前方拉鍊袋可收納滑鼠、充電線等配件。簡約圓潤的外型搭配多色選擇，兼具實用性與時尚感，是數位工作者的貼心配件。', 220, 'quality', 'quality', 'CREATOR', '/images/gifts/gift-9.jpg', 99, 'NT$650', TRUE),
(10, 'smellscape 擴香石香氛禮盒', '市價NT$700', '擴香石禮盒內含手工製作的石膏擴香座與10ml天然精油。擴香石運用吸水性佳的石膏材質，滴入精油後能持續散發香氛達3-5天。無需插電或點火，安全環保。精油選用薰衣草、柑橘或檀木等天然配方，為居家空間營造放鬆氛圍。', 230, 'quality', 'quality', 'CREATOR', '/images/gifts/gift-10.jpg', 53, 'NT$700', TRUE),
(11, 'MOFT 磁吸感應卡包支架', '市價NT$890', '磁吸式卡包支架以優質PU皮革與強力磁鐵製成，可吸附於手機背面收納3-5張卡片。內建隱藏式支架功能，可調整多種觀看角度。厚度僅5mm，不影響手機握感。適用於支援MagSafe的iPhone機型，是極簡主義者的理想選擇。', 300, 'quality', 'quality', 'CREATOR', '/images/gifts/gift-11.jpg', 24, 'NT$890', TRUE),
(12, '手工皮革名片夾', '市價NT$930', '職人手工縫製的真皮名片夾，嚴選義大利植鞣牛皮製作，隨使用時間呈現獨特光澤與色澤變化。內部雙層設計可收納約30張名片，另有暗袋放置重要卡片。精緻車縫線展現工藝細節，適合商務場合使用，彰顯專業品味與個人風格。', 310, 'quality', 'quality', 'CREATOR', '/images/gifts/gift-12.jpg', 9, 'NT$930', TRUE),
(13, 'Umbra 臘腸狗戒指收納座', '市價NT$930', '創意臘腸狗造型戒指收納座，樹脂材質製成，表面拋光呈現溫潤質感。狗狗身體各部位設計為戒指收納柱，可同時收納多枚戒指、手鍊等飾品。可愛療癒的造型兼具實用功能，擺放於梳妝台或床頭櫃，為生活空間增添趣味與溫度。', 310, 'quality', 'quality', 'CREATOR', '/images/gifts/gift-13.jpg', 88, 'NT$930', TRUE),
(14, 'ROOMMI 充電感應垃圾桶', '市價NT$959', '採用紅外線感應技術，手靠近即自動開蓋，3秒後自動關閉。內建USB充電式鋰電池，充電一次可使用約60天。容量10公升，適合臥室、書房或浴室使用。桶身採用ABS材質，防水易清潔，配備垃圾袋固定環設計，實用便利。', 320, 'quality', 'quality', 'CREATOR', '/images/gifts/gift-14.jpg', 28, 'NT$959', TRUE),
(15, 'KINTO 提式輕巧保溫瓶', '市價NT$1,148', '提式保溫瓶採用雙層真空不鏽鋼結構，保溫效果達6小時、保冷效果達12小時。容量500ml，瓶口寬度適中便於清洗與加冰塊。獨特提把設計方便攜帶，啞光霧面塗層質感細膩。簡約俐落的外型適合各種場合，是質感生活的日常良伴。', 400, 'quality', 'quality', 'CREATOR', '/images/gifts/gift-15.jpg', 99, 'NT$1,148', TRUE),
(16, 'MOMOCONCEPT 保溫杯', '市價NT$1,501', '優質陶瓷材質搭配食品級不鏽鋼內膽，保溫保冷效果俱佳。容量350ml，單手可握的尺寸設計。附有防漏矽膠密封圈與茶隔設計，適合沖泡茶飲。外觀呈現溫潤的陶瓷質感，多款素雅配色可選，展現獨特美學品味。', 500, 'quality', 'quality', 'CREATOR', '/images/gifts/gift-16.jpg', 55, 'NT$1,501', TRUE),

-- 🕯️ Aesthetic Visionary Series (Lv3) - 8 rewards
(17, 'mordeco 轉轉零錢筒', '市價NT$1,580', '採用山毛櫸木與鋁合金製成，內部設有螺旋軌道。投入硬幣後沿著軌道旋轉滑落，過程療癒有趣。上方開口方便投幣，底部可旋轉開啟取出零錢。容量可存放約3000元零錢，不僅是實用的儲蓄工具，更是桌面趣味擺飾。', 530, 'aesthetic', 'aesthetic', 'VISIONARY', '/images/gifts/gift-17.jpg', 36, 'NT$1,580', TRUE),
(18, 'Vana 香氛蠟燭暖燈', '市價NT$1,790', '瑞典設計香氛蠟燭暖燈，北歐極簡風格搭配春夏粉嫩色系。採鹵素燈加熱，無煙無焰無火方式融化蠟燭，避免隧道現象並延長蠟燭壽命(+20%)。可調光功能營造氛圍，適用高度11cm、直徑10cm以內的蠟燭。輕量金屬設計耐用易用，內附2顆鹵素燈泡，為居家增添溫馨與香氛享受。', 600, 'aesthetic', 'aesthetic', 'VISIONARY', '/images/gifts/gift-18.jpg', 19, 'NT$1,790', TRUE),
(19, 'MUJI 超音波芬香噴霧器', '市價NT$1,790', '超音波震盪技術將水與精油霧化噴出，適用3～4坪空間。可調式定時功能(180/120/60/30分鐘)，自動斷電安全設計。續航約3小時，簡約圓潤白色外型適合各種居家風格。適用於客廳、寢室、邊桌擺放，內附專用AC轉接器，為空間帶來舒適香氛與濕度調節。', 600, 'aesthetic', 'aesthetic', 'VISIONARY', '/images/gifts/gift-19.jpg', 16, 'NT$1,790', TRUE),
(20, 'MOMAX 無線充電行動電源', '市價NT$1,980', '容量10000mAh，支援Qi無線充電(10W)與USB-C/USB-A有線充電。可同時為3台裝置充電，支援快充協議。輕薄設計厚度19mm，重量231克。LED電量顯示清楚易讀，內建多重安全保護機制，是外出必備的充電利器。', 660, 'aesthetic', 'aesthetic', 'VISIONARY', '/images/gifts/gift-20.jpg', 18, 'NT$1,980', TRUE),
(21, 'JWAY 砧板刀具烘乾消毒機', '市價NT$2,480', '紫外線UV-C、巴氏殺菌(65度120分鐘)與24小時循環殺菌，三重殺菌率達99.9%。配有三款TPU防霉砧板(生/熟食/蔬果分類)與刀具收納架，砧板可彎折倒菜、凹槽防汁液外流。獨立不銹鋼架設計便於清潔，底部滑水盤防漬檯面。為廚房食安與衛生的最佳把關。', 830, 'aesthetic', 'aesthetic', 'VISIONARY', '/images/gifts/gift-21.jpg', 13, 'NT$2,480', TRUE),
(22, 'Oakywood 無線充電盤', '市價NT$3,200', '實木與不銹鋼手工製作，達30W無線快充，相容所有Qi設備。三色選擇——橡木、胡桃木、黑色，每件木紋獨一無二。支援大多數4mm以下手機殼，內附2米USB-C編織線與電源適配器。尺寸20x11x1.5cm，兼具藝術與功能，將科技轉化為桌面美學。', 1100, 'aesthetic', 'aesthetic', 'VISIONARY', '/images/gifts/gift-22.jpg', 49, 'NT$3,200', TRUE),
(23, 'Bellwood 雨傘收納架', '市價NT$3,385', 'Bellwood雨傘收納架，實木與金屬結合的工藝設計，底部附有接水盤可拆卸清洗。可同時收納8-10把長短傘，傘架高度約80公分。木質底座穩固耐用，金屬傘柱經防鏽處理。簡約北歐風格設計適合玄關或辦公室使用，兼具實用收納與空間美化功能，提升居家質感。', 1100, 'aesthetic', 'aesthetic', 'VISIONARY', '/images/gifts/gift-23.jpg', 22, 'NT$3,385', TRUE),
(24, 'Wanu 銜月床頭燈', '市價NT$3,500', 'Wanu銜月床頭燈，創新的月型燈設計靈感來自月相變化，可360度旋轉調整照明角度。LED光源，三段式色溫調節(暖光/自然光/白光)，亮度可無段調整。觸控式開關操作直覺便利，底座採用實木與金屬材質，穩固且質感佳，為臥室營造溫馨柔和的閱讀光線。', 1200, 'aesthetic', 'aesthetic', 'VISIONARY', '/images/gifts/gift-24.jpg', 7, 'NT$3,500', TRUE),

-- 💼 Premium Luminary Series (Lv4) - 8 rewards
(25, '夏慕尼星級饗宴餐券', '市價NT$4,818', '夏慕尼鐵板燒星級饗宴餐券雙人套餐，享用精選頂級食材現場鐵板料理。套餐包含新鮮海鮮、Prime等級牛排、季節時蔬與主廚特製甜點。專業鐵板燒師傅於面前展現精湛廚藝，提供五感饗宴體驗。餐廳氛圍優雅舒適，適合慶祝紀念日或商務宴請，創造難忘的美食回憶。', 1600, 'premium', 'premium', 'LUMINARY', '/images/gifts/gift-25.jpg', 14, 'NT$4,818', TRUE),
(26, 'Porter 真皮公事包', '市價NT$5,850', '頂級真皮公事包嚴選上乘牛皮製作，隨使用時間呈現獨特皮革光澤。內部多層隔間設計可收納15吋筆電、文件與商務用品。附可拆卸肩背帶，手提肩背兩用。精密車工展現職人工藝，YKK拉鍊順暢耐用，是商務人士展現專業形象的最佳選擇。', 1950, 'premium', 'premium', 'LUMINARY', '/images/gifts/gift-26.jpg', 18, 'NT$5,850', TRUE),
(27, 'LAMY 2000 鋼筆', '市價NT$7,020', '德國包浩斯設計經典鋼筆，自1966年問世至今歷久不衰。筆身樹脂纖維與不鏽鋼材質，霧面處理質感細膩。14K金筆尖書寫滑順，墨水以活塞上墨系統，墨水容量大。人體工學設計長時間書寫不疲累，是書寫愛好者與收藏家的夢幻逸品。', 2300, 'premium', 'premium', 'LUMINARY', '/images/gifts/gift-27.jpg', 26, 'NT$7,020', TRUE),
(28, 'AirPods Pro 3', '市價NT$7,490', 'Apple AirPods Pro 3第三代無線藍牙耳機，搭載Apple H2晶片提供卓越音質表現。主動降噪功能再進化，阻隔環境噪音更有效。通透模式可清楚聽見周遭環境音。支援空間音訊與動態頭部追蹤，打造沉浸式聆聽體驗。IPX4防水等級，單次充電續航力達6小時，搭配充電盒總續航力達30小時。', 2500, 'premium', 'premium', 'LUMINARY', '/images/gifts/gift-28.jpg', 21, 'NT$7,490', TRUE),
(29, 'Dyson Supersonic 吹風機', '市價NT$9,999', 'Dyson Supersonic吹風機，第五代數位馬達技術，風速強勁且運轉安靜。智能溫控系統每秒測溫40次，防止熱傷害保護髮質。附贈多款專業造型風嘴適合各種髮型需求。負離子技術減少靜電與毛躁，吹後秀髮柔順有光澤。人體工學設計平衡好握，是髮型師與質感生活者的首選工具。', 3300, 'premium', 'premium', 'LUMINARY', '/images/gifts/gift-29.jpg', 5, 'NT$9,999', TRUE),
(30, 'Apple Watch Series 11', '市價NT$12,900', 'Apple Watch Series 11智慧手錶，搭載最新S11晶片效能更強大。全天候Retina顯示螢幕，陽光下清晰可見。進階健康監測功能包含心率、血氧、睡眠與體溫感測。支援超過100種運動模式記錄，GPS定位精準。防水50米適合游泳使用，電池續航力達18小時，是健康管理與智慧生活的最佳夥伴。', 4300, 'premium', 'premium', 'LUMINARY', '/images/gifts/gift-30.jpg', 4, 'NT$12,900', TRUE),
(31, 'LOJEL 30吋前開式行李箱', '市價NT$13,205', 'LOJEL 30吋前開式行李箱，創新前開設計免將行李箱放倒即可取物，車站機場使用超便利。外殼德國拜耳PC材質，堅固耐撞擊且重量輕盈。TSA海關鎖與靜音雙輪設計，推行順暢安靜。內部大容量分層設計附彈性束帶，5年全球保固服務，是商務旅行與度假的最佳旅伴。', 4500, 'premium', 'premium', 'LUMINARY', '/images/gifts/gift-31.jpg', 3, 'NT$13,205', TRUE),
(32, '雲品尊榮湖景客房住宿券', '市價NT$14,888', '雲品溫泉酒店尊榮湖景客房雙人住宿券，坐擁日月潭絕美湖景第一排視野。房內配備獨立景觀溫泉浴池，可邊泡湯邊欣賞湖光山色。含自助式早餐與迎賓下午茶，享用在地食材料理。飯店設施包含健身房、SPA與戶外泳池。專業管家服務細膩貼心，打造奢華放鬆的度假體驗。', 5000, 'premium', 'premium', 'LUMINARY', '/images/gifts/gift-32.jpg', 3, 'NT$14,888', TRUE);

-- ============================================================================
-- VERIFICATION QUERIES (Uncomment to verify data)
-- ============================================================================
-- SELECT COUNT(*) as total_users FROM users;
-- SELECT COUNT(*) as total_levels FROM level_config;
-- SELECT COUNT(*) as total_tasks FROM tasks;
-- SELECT COUNT(*) as total_rewards FROM rewards;
-- SELECT COUNT(*) as total_progress_records FROM user_task_progress;
-- SELECT * FROM user_levels WHERE userId = 1;
-- SELECT * FROM tasks WHERE category = 'daily';
-- SELECT * FROM rewards WHERE level = 'EXPLORER';
